email,name
alice.dupont@gmail.com,Alice Dupont
mohamed.benali@gmail.com,Mohamed Benali
emma.leroy@gmail.com,Emma Leroy
youssef.karim@gmail.com,Youssef Karim
sarah.nguyen@gmail.com,Sarah Nguyen
lucas.moreau@gmail.com,Lucas Moreau
amina.belarbi@gmail.com,Amina Belarbi
thomas.martin@gmail.com,Thomas Martin
nora.benamara@gmail.com,Nora Benamara
paul.durand@gmail.com,Paul Durand
